-- phpMyAdmin SQL Dump
-- version 5.2.1
-- https://www.phpmyadmin.net/
--
-- Hostiteľ: 127.0.0.1
-- Čas generovania: Sun 04.Máj 2025, 16:54
-- Verzia serveru: 10.4.32-MariaDB
-- Verzia PHP: 8.2.12

SET SQL_MODE = "NO_AUTO_VALUE_ON_ZERO";
START TRANSACTION;
SET time_zone = "+00:00";


/*!40101 SET @OLD_CHARACTER_SET_CLIENT=@@CHARACTER_SET_CLIENT */;
/*!40101 SET @OLD_CHARACTER_SET_RESULTS=@@CHARACTER_SET_RESULTS */;
/*!40101 SET @OLD_COLLATION_CONNECTION=@@COLLATION_CONNECTION */;
/*!40101 SET NAMES utf8mb4 */;

--
-- Databáza: `sprava_zariadeni`
--

-- --------------------------------------------------------

--
-- Štruktúra tabuľky pre tabuľku `bezpecnostny_log`
--

CREATE TABLE `bezpecnostny_log` (
  `ID_logu` int(11) NOT NULL,
  `ID_zariadenia` int(11) DEFAULT NULL,
  `typ_incidentu` enum('neúspešný login','neoprávnený prístup','pokus o modifikáciu systémových súborov') DEFAULT NULL,
  `datum_cas` datetime DEFAULT NULL
) ENGINE=InnoDB DEFAULT CHARSET=utf8mb4 COLLATE=utf8mb4_general_ci;

--
-- Sťahujem dáta pre tabuľku `bezpecnostny_log`
--

INSERT INTO `bezpecnostny_log` (`ID_logu`, `ID_zariadenia`, `typ_incidentu`, `datum_cas`) VALUES
(1, 132, 'pokus o modifikáciu systémových súborov', '2024-05-10 23:09:25'),
(2, 13, 'pokus o modifikáciu systémových súborov', '2025-01-30 17:53:43'),
(3, 24, 'pokus o modifikáciu systémových súborov', '2024-12-22 06:29:50'),
(4, 26, 'neoprávnený prístup', '2024-06-16 07:13:28'),
(5, 122, 'pokus o modifikáciu systémových súborov', '2025-01-19 14:15:14'),
(6, 43, 'pokus o modifikáciu systémových súborov', '2024-08-31 02:37:42'),
(7, 126, 'neoprávnený prístup', '2024-07-05 12:05:37'),
(8, 22, 'pokus o modifikáciu systémových súborov', '2024-10-21 14:54:34'),
(9, 135, 'pokus o modifikáciu systémových súborov', '2025-04-23 11:28:22'),
(10, 71, 'neoprávnený prístup', '2024-08-10 02:56:33'),
(11, 21, 'neúspešný login', '2025-04-07 08:00:58'),
(12, 36, 'pokus o modifikáciu systémových súborov', '2024-06-27 18:42:40'),
(13, 18, 'pokus o modifikáciu systémových súborov', '2024-06-16 01:35:31'),
(14, 10, 'neúspešný login', '2024-12-06 07:21:30'),
(16, 14, 'neúspešný login', '2024-08-18 18:09:27'),
(17, 146, 'pokus o modifikáciu systémových súborov', '2025-02-19 07:22:32'),
(18, 46, 'neúspešný login', '2024-12-22 21:45:21'),
(19, 94, 'neúspešný login', '2024-09-06 15:17:19'),
(20, 73, 'neúspešný login', '2024-05-01 16:57:52'),
(21, 60, 'pokus o modifikáciu systémových súborov', '2024-07-28 12:23:41'),
(22, 78, 'pokus o modifikáciu systémových súborov', '2024-09-10 12:41:03'),
(23, 141, 'pokus o modifikáciu systémových súborov', '2025-03-04 16:40:45'),
(24, 71, 'neúspešný login', '2024-12-28 02:02:22'),
(25, 46, 'pokus o modifikáciu systémových súborov', '2024-07-12 15:20:05'),
(26, 129, 'neoprávnený prístup', '2025-02-03 13:36:27'),
(27, 71, 'pokus o modifikáciu systémových súborov', '2024-12-14 05:47:25'),
(28, 46, 'neoprávnený prístup', '2024-10-15 21:02:59'),
(29, 146, 'neúspešný login', '2024-05-15 09:03:19'),
(30, 92, 'pokus o modifikáciu systémových súborov', '2024-06-14 22:42:05'),
(31, 25, 'neoprávnený prístup', '2024-09-26 13:04:00'),
(32, 2, 'neoprávnený prístup', '2024-07-16 01:02:43'),
(33, 75, 'neoprávnený prístup', '2025-03-13 13:19:09'),
(34, 105, 'neúspešný login', '2025-01-21 06:17:25'),
(35, 63, 'neúspešný login', '2024-05-06 22:19:29'),
(36, 131, 'pokus o modifikáciu systémových súborov', '2025-01-11 01:23:21'),
(37, 107, 'pokus o modifikáciu systémových súborov', '2024-07-31 20:59:03'),
(38, 122, 'pokus o modifikáciu systémových súborov', '2025-02-15 22:00:00'),
(39, 73, 'neúspešný login', '2024-06-05 17:59:32'),
(40, 12, 'neúspešný login', '2025-01-09 14:09:53'),
(41, 14, 'neúspešný login', '2024-10-02 22:21:15'),
(42, 16, 'neoprávnený prístup', '2024-10-24 16:34:14'),
(43, 34, 'neoprávnený prístup', '2024-08-05 14:35:07'),
(44, 94, 'pokus o modifikáciu systémových súborov', '2024-05-18 19:38:15'),
(45, 22, 'neoprávnený prístup', '2025-04-20 13:55:53'),
(46, 24, 'pokus o modifikáciu systémových súborov', '2025-02-10 17:32:59'),
(47, 79, 'neoprávnený prístup', '2024-04-25 03:42:07'),
(48, 145, 'neoprávnený prístup', '2024-10-09 18:38:20'),
(49, 62, 'pokus o modifikáciu systémových súborov', '2024-06-22 12:35:12'),
(50, 5, 'neúspešný login', '2025-04-12 14:33:15'),
(51, 20, 'pokus o modifikáciu systémových súborov', '2024-09-24 17:44:09'),
(52, 144, 'neoprávnený prístup', '2024-05-16 00:04:08'),
(53, 4, 'neoprávnený prístup', '2024-05-11 14:20:17'),
(54, 131, 'neoprávnený prístup', '2025-01-09 21:21:58'),
(55, 119, 'neúspešný login', '2025-04-15 16:44:59'),
(56, 39, 'pokus o modifikáciu systémových súborov', '2024-08-24 15:45:20'),
(57, 130, 'neúspešný login', '2024-09-06 03:48:52'),
(58, 12, 'neoprávnený prístup', '2025-03-28 19:26:57'),
(59, 67, 'pokus o modifikáciu systémových súborov', '2024-05-28 19:25:01'),
(60, 23, 'neoprávnený prístup', '2024-09-26 05:52:00'),
(61, 92, 'neoprávnený prístup', '2025-02-15 21:28:30'),
(62, 25, 'neoprávnený prístup', '2024-12-12 14:36:19'),
(63, 86, 'pokus o modifikáciu systémových súborov', '2025-03-04 12:38:42'),
(64, 127, 'neoprávnený prístup', '2024-07-23 06:02:14'),
(65, 56, 'neúspešný login', '2024-12-25 11:02:24'),
(66, 60, 'pokus o modifikáciu systémových súborov', '2024-11-28 20:32:31'),
(67, 54, 'neúspešný login', '2024-06-08 00:29:36'),
(68, 135, 'neoprávnený prístup', '2024-10-14 13:01:40'),
(69, 95, 'neúspešný login', '2024-06-28 08:51:32'),
(70, 20, 'neúspešný login', '2024-10-29 10:23:46'),
(71, 97, 'neúspešný login', '2024-08-03 00:35:48'),
(72, 89, 'pokus o modifikáciu systémových súborov', '2024-12-13 09:38:31'),
(73, 21, 'neoprávnený prístup', '2024-05-29 17:17:35'),
(74, 81, 'neoprávnený prístup', '2024-10-03 12:05:22'),
(75, 126, 'pokus o modifikáciu systémových súborov', '2025-03-31 23:31:51'),
(76, 11, 'neúspešný login', '2025-03-15 06:58:01'),
(77, 55, 'pokus o modifikáciu systémových súborov', '2024-10-29 21:31:00'),
(78, 97, 'neoprávnený prístup', '2024-11-06 22:57:11'),
(79, 62, 'pokus o modifikáciu systémových súborov', '2025-01-16 21:20:07'),
(80, 121, 'neúspešný login', '2024-10-07 19:45:37'),
(81, 23, 'neúspešný login', '2024-07-21 05:35:34'),
(82, 33, 'neoprávnený prístup', '2024-07-03 02:58:04'),
(83, 73, 'pokus o modifikáciu systémových súborov', '2024-06-07 21:12:44'),
(84, 84, 'neúspešný login', '2024-11-01 09:01:43'),
(85, 109, 'neúspešný login', '2025-03-07 03:54:34'),
(86, 16, 'neúspešný login', '2025-03-21 22:09:40'),
(87, 70, 'neoprávnený prístup', '2024-06-08 22:21:46'),
(88, 88, 'pokus o modifikáciu systémových súborov', '2024-11-14 12:33:27'),
(89, 84, 'neúspešný login', '2025-04-01 08:55:09'),
(90, 20, 'pokus o modifikáciu systémových súborov', '2025-01-21 08:09:26'),
(91, 149, 'neoprávnený prístup', '2025-02-06 12:01:22'),
(92, 84, 'pokus o modifikáciu systémových súborov', '2025-01-25 14:17:38'),
(93, 87, 'neoprávnený prístup', '2024-08-02 08:11:29'),
(94, 70, 'neoprávnený prístup', '2024-11-18 14:57:16'),
(95, 143, 'neúspešný login', '2024-07-04 08:10:57'),
(96, 89, 'neoprávnený prístup', '2024-09-22 20:36:50'),
(97, 101, 'pokus o modifikáciu systémových súborov', '2024-07-02 02:21:22'),
(98, 44, 'pokus o modifikáciu systémových súborov', '2024-07-15 19:06:49'),
(99, 112, 'neúspešný login', '2025-03-29 03:55:08'),
(100, 54, 'pokus o modifikáciu systémových súborov', '2024-12-17 10:58:02'),
(101, 26, 'pokus o modifikáciu systémových súborov', '2025-01-27 23:41:03'),
(102, 125, 'pokus o modifikáciu systémových súborov', '2024-09-05 17:32:46'),
(103, 8, 'pokus o modifikáciu systémových súborov', '2024-10-15 17:42:34'),
(104, 128, 'pokus o modifikáciu systémových súborov', '2025-03-29 13:40:53'),
(105, 65, 'neúspešný login', '2025-04-20 23:40:16'),
(106, 105, 'pokus o modifikáciu systémových súborov', '2025-04-20 19:00:25'),
(107, 131, 'pokus o modifikáciu systémových súborov', '2024-09-23 21:49:16'),
(108, 133, 'neúspešný login', '2025-02-01 09:23:41'),
(109, 71, 'neúspešný login', '2025-01-11 12:02:30'),
(110, 129, 'neoprávnený prístup', '2024-09-16 00:47:51'),
(111, 43, 'neúspešný login', '2025-02-07 08:27:19'),
(112, 28, 'neoprávnený prístup', '2024-06-23 19:50:11'),
(113, 76, 'pokus o modifikáciu systémových súborov', '2025-03-11 14:41:46'),
(114, 58, 'neúspešný login', '2024-07-25 04:09:19'),
(115, 48, 'neúspešný login', '2024-09-05 02:14:15'),
(116, 74, 'neoprávnený prístup', '2024-12-26 04:35:32'),
(117, 37, 'pokus o modifikáciu systémových súborov', '2024-07-17 20:39:53'),
(118, 86, 'pokus o modifikáciu systémových súborov', '2025-02-13 18:52:13'),
(119, 110, 'neúspešný login', '2025-01-09 09:53:16'),
(120, 96, 'neúspešný login', '2024-10-10 00:29:39'),
(123, 120, 'neúspešný login', '2025-05-01 19:11:05'),
(125, 134, 'neúspešný login', '2025-05-01 19:16:00'),
(126, 98, 'neúspešný login', '2025-05-01 19:16:24'),
(127, 23, 'neúspešný login', '2025-05-01 19:16:32'),
(128, 75, 'neúspešný login', '2025-05-01 19:16:51'),
(129, 111, 'neúspešný login', '2025-05-01 19:19:45'),
(130, 40, 'neúspešný login', '2025-05-01 19:19:48'),
(131, 143, 'neúspešný login', '2025-05-01 19:19:53'),
(132, 113, 'neúspešný login', '2025-05-01 19:20:56'),
(133, 107, 'neúspešný login', '2025-05-01 19:21:01'),
(135, 111, 'neúspešný login', '2025-05-01 19:27:18');

-- --------------------------------------------------------

--
-- Štruktúra tabuľky pre tabuľku `porucha`
--

CREATE TABLE `porucha` (
  `ID_poruchy` int(11) NOT NULL,
  `ID_zariadenia` int(11) DEFAULT NULL,
  `popis` text DEFAULT NULL,
  `datum_hlasenia` date DEFAULT NULL,
  `ID_zamestnanca` int(100) DEFAULT NULL,
  `opravena` tinyint(1) DEFAULT NULL
) ENGINE=InnoDB DEFAULT CHARSET=utf8mb4 COLLATE=utf8mb4_general_ci;

--
-- Sťahujem dáta pre tabuľku `porucha`
--

INSERT INTO `porucha` (`ID_poruchy`, `ID_zariadenia`, `popis`, `datum_hlasenia`, `ID_zamestnanca`, `opravena`) VALUES
(1, 109, 'chyba hardwaru', '2024-10-25', 8, 0),
(2, 138, 'chyba hardwaru', '2025-01-25', 3, 1),
(3, 141, 'chyba spúšťania', '2024-05-18', 8, 1),
(4, 24, 'internetová chyba', '2024-08-09', 8, 1),
(5, 94, 'internetová chyba', '2024-07-08', 12, 1),
(6, 71, 'chyba spúšťania', '2024-07-28', 12, 0),
(7, 97, 'chyba hardwaru', '2025-01-25', 3, 1),
(8, 143, 'internetová chyba', '2024-06-21', 27, 1),
(9, 118, 'chyba spúšťania', '2024-06-27', 3, 0),
(10, 137, 'chyba spúšťania', '2025-03-27', 12, 1),
(11, 36, 'chyba hardwaru', '2024-06-05', 8, 0),
(12, 91, 'internetová chyba', '2025-03-06', 27, 1),
(13, 104, 'chyba v systéme', '2024-07-02', 27, 0),
(14, 119, 'internetová chyba', '2024-07-06', 27, 1),
(15, 103, 'chyba hardwaru', '2024-07-09', 3, 1),
(16, 57, 'chyba v systéme', '2024-11-13', 12, 1),
(17, 142, 'chyba spúšťania', '2025-04-08', 12, 0),
(18, 118, 'chyba hardwaru', '2024-11-24', 8, 0),
(19, 69, 'chyba spúšťania', '2024-05-31', 27, 0),
(20, 9, 'internetová chyba', '2024-05-16', 8, 0),
(21, 45, 'internetová chyba', '2024-09-24', 27, 0),
(22, 100, 'chyba spúšťania', '2024-11-23', 8, 0),
(23, 148, 'chyba hardwaru', '2025-03-30', 27, 0),
(24, 16, 'chyba hardwaru', '2025-02-01', 27, 1),
(25, 73, 'chyba v systéme', '2025-01-14', 8, 0),
(26, 85, 'internetová chyba', '2024-05-07', 8, 0),
(27, 148, 'internetová chyba', '2024-06-24', 8, 0),
(28, 149, 'chyba hardwaru', '2025-02-10', 27, 0),
(29, 49, 'internetová chyba', '2024-11-17', 3, 0),
(30, 49, 'chyba hardwaru', '2024-10-14', 3, 0),
(31, 62, 'chyba v systéme', '2025-02-01', 12, 0),
(32, 22, 'chyba hardwaru', '2025-01-28', 8, 1),
(33, 46, 'chyba spúšťania', '2024-07-15', 8, 0),
(34, 80, 'chyba spúšťania', '2024-07-08', 12, 0),
(35, 128, 'chyba hardwaru', '2024-09-07', 3, 0),
(36, 62, 'chyba spúšťania', '2024-08-29', 3, 1),
(37, 143, 'chyba spúšťania', '2024-09-21', 27, 1),
(38, 39, 'chyba hardwaru', '2024-08-19', 8, 0),
(39, 37, 'internetová chyba', '2024-09-08', 27, 0),
(40, 80, 'chyba hardwaru', '2024-12-25', 15, 0);

-- --------------------------------------------------------

--
-- Štruktúra tabuľky pre tabuľku `pouzivatelia`
--

CREATE TABLE `pouzivatelia` (
  `ID` int(11) NOT NULL,
  `meno` varchar(100) NOT NULL,
  `heslo` varchar(255) NOT NULL,
  `role` enum('admin','user','technik') NOT NULL DEFAULT 'user'
) ENGINE=InnoDB DEFAULT CHARSET=utf8mb4 COLLATE=utf8mb4_general_ci;

--
-- Sťahujem dáta pre tabuľku `pouzivatelia`
--

INSERT INTO `pouzivatelia` (`ID`, `meno`, `heslo`, `role`) VALUES
(1, 'Denis', 'heslo123', 'admin'),
(3, 'admin', 'admin', 'admin'),
(6, 'robo', 'robo', 'technik'),
(7, 'peto', 'peto', 'technik'),
(8, 'mato', 'mato', 'user'),
(9, 'alex', 'alex', 'user'),
(10, 'tade', 'tade', 'user'),
(11, 'marko', 'marko', 'user'),
(12, 'dodo', 'dodo', 'user');

-- --------------------------------------------------------

--
-- Štruktúra tabuľky pre tabuľku `prihlasenie`
--

CREATE TABLE `prihlasenie` (
  `ID_prihlasenia` int(11) NOT NULL,
  `ID_zariadenia` int(11) DEFAULT NULL,
  `ID_zamestnanca` int(11) DEFAULT NULL,
  `cas_prihlasenia` datetime DEFAULT NULL,
  `sposob_pristupu` enum('karta','PIN','USB token') DEFAULT NULL
) ENGINE=InnoDB DEFAULT CHARSET=utf8mb4 COLLATE=utf8mb4_general_ci;

--
-- Sťahujem dáta pre tabuľku `prihlasenie`
--

INSERT INTO `prihlasenie` (`ID_prihlasenia`, `ID_zariadenia`, `ID_zamestnanca`, `cas_prihlasenia`, `sposob_pristupu`) VALUES
(1, 93, 17, '2023-09-30 14:01:07', 'PIN'),
(2, 21, 1, '2023-11-06 04:55:01', 'PIN'),
(3, 41, 11, '2024-01-01 10:07:04', 'karta'),
(4, 42, 9, '2024-01-18 09:19:19', 'PIN'),
(5, 99, 11, '2024-06-01 04:15:52', 'USB token'),
(6, 12, 16, '2024-06-15 00:13:53', 'USB token'),
(7, 98, 15, '2023-10-28 08:03:33', 'USB token'),
(8, 111, 8, '2023-11-14 17:54:34', 'PIN'),
(9, 46, 28, '2024-05-08 04:16:01', 'PIN'),
(10, 58, 2, '2023-10-21 04:25:33', 'PIN'),
(11, 94, 18, '2023-11-25 20:15:48', 'PIN'),
(12, 50, 24, '2024-03-09 03:07:15', 'USB token'),
(13, 124, 13, '2024-07-11 12:16:26', 'USB token'),
(14, 63, 1, '2023-12-22 05:06:57', 'PIN'),
(15, 2, 24, '2024-02-02 11:21:05', 'USB token'),
(16, 129, 14, '2023-11-28 00:01:47', 'USB token'),
(17, 2, 25, '2024-01-23 19:51:28', 'karta'),
(18, 123, 25, '2024-08-23 01:40:09', 'PIN'),
(19, 107, 29, '2024-03-02 00:52:02', 'karta'),
(20, 98, 12, '2025-01-01 11:38:03', 'karta'),
(21, 73, 3, '2024-04-10 13:16:50', 'PIN'),
(22, 38, 18, '2023-09-26 09:27:20', 'PIN'),
(23, 127, 19, '2024-10-11 06:42:26', 'karta'),
(24, 118, 7, '2024-02-05 02:36:41', 'USB token'),
(25, 75, 11, '2024-12-19 22:39:18', 'karta'),
(26, 12, 27, '2025-02-18 01:34:04', 'USB token'),
(27, 47, 6, '2023-11-15 20:04:00', 'USB token'),
(28, 113, 13, '2024-01-08 06:57:43', 'PIN'),
(29, 115, 23, '2024-05-27 10:43:18', 'karta'),
(30, 108, 12, '2025-04-18 17:24:35', 'karta'),
(31, 49, 25, '2024-12-19 11:18:25', 'karta'),
(32, 88, 14, '2024-12-29 08:08:54', 'USB token'),
(34, 122, 17, '2025-04-23 18:41:54', 'USB token'),
(35, 140, 18, '2023-12-27 09:23:17', 'USB token'),
(36, 44, 26, '2025-02-05 19:18:32', 'karta'),
(37, 19, 13, '2024-06-19 21:37:26', 'karta'),
(38, 90, 2, '2024-11-02 04:06:47', 'PIN'),
(39, 87, 16, '2023-10-22 13:27:33', 'karta'),
(40, 130, 25, '2023-10-09 10:33:13', 'PIN'),
(41, 113, 21, '2024-01-23 10:48:30', 'USB token'),
(42, 69, 26, '2025-03-10 04:44:10', 'USB token'),
(43, 11, 2, '2025-04-20 10:35:26', 'karta'),
(44, 91, 19, '2025-01-26 14:48:03', 'PIN'),
(45, 23, 2, '2025-03-11 06:03:21', 'karta'),
(46, 9, 7, '2024-12-28 14:44:50', 'USB token'),
(47, 87, 11, '2024-01-09 00:12:48', 'karta'),
(48, 135, 14, '2024-10-21 15:31:45', 'karta'),
(49, 121, 29, '2023-12-25 05:03:26', 'USB token'),
(50, 1, 2, '2025-04-11 08:14:33', 'PIN'),
(51, 104, 21, '2024-04-16 02:29:26', 'PIN'),
(52, 63, 22, '2024-12-29 09:20:11', 'PIN'),
(53, 78, 12, '2024-10-28 04:56:43', 'karta'),
(54, 79, 15, '2025-02-17 04:19:12', 'PIN'),
(55, 45, 26, '2024-01-11 04:42:08', 'USB token'),
(56, 10, 29, '2023-09-19 17:24:44', 'karta'),
(57, 43, 10, '2024-08-02 01:41:43', 'karta'),
(58, 30, 9, '2024-09-13 07:11:56', 'PIN'),
(59, 32, 22, '2023-10-20 17:37:31', 'PIN'),
(60, 114, 3, '2024-02-25 21:54:31', 'PIN'),
(61, 68, 16, '2024-12-13 05:03:15', 'PIN'),
(62, 22, 25, '2025-04-15 03:57:10', 'PIN'),
(63, 109, 17, '2024-08-04 15:15:01', 'PIN'),
(64, 110, 2, '2024-11-19 23:30:46', 'USB token'),
(65, 75, 9, '2025-02-22 13:21:51', 'karta'),
(66, 45, 27, '2025-02-10 19:02:00', 'karta'),
(67, 129, 17, '2024-12-15 23:10:20', 'PIN'),
(68, 22, 22, '2024-05-22 15:32:01', 'PIN'),
(69, 73, 12, '2025-03-25 22:33:45', 'USB token'),
(70, 60, 3, '2024-05-06 01:20:44', 'karta'),
(71, 57, 3, '2024-09-08 19:54:31', 'karta'),
(72, 125, 21, '2025-04-15 12:25:09', 'karta'),
(73, 6, 3, '2024-03-06 10:44:13', 'PIN'),
(74, 51, 25, '2024-09-01 11:17:43', 'USB token'),
(75, 103, 2, '2024-05-22 14:43:27', 'karta'),
(76, 38, 18, '2023-11-03 03:46:59', 'karta'),
(77, 138, 4, '2024-06-23 06:34:28', 'karta'),
(78, 101, 15, '2023-09-30 22:46:18', 'karta'),
(79, 60, 12, '2025-03-29 19:27:26', 'karta'),
(80, 62, 13, '2024-01-05 13:08:02', 'PIN'),
(81, 22, 7, '2024-02-15 19:37:25', 'PIN'),
(82, 21, 29, '2024-01-19 12:21:55', 'PIN'),
(83, 38, 16, '2024-11-25 02:52:35', 'karta'),
(84, 86, 2, '2025-03-06 14:01:16', 'PIN'),
(85, 28, 25, '2024-02-14 09:45:07', 'USB token'),
(87, 88, 12, '2024-04-12 12:10:02', 'karta'),
(88, 37, 10, '2024-05-16 22:06:54', 'PIN'),
(89, 68, 23, '2024-05-25 14:51:41', 'USB token'),
(90, 28, 14, '2024-09-23 18:05:48', 'karta'),
(92, 1, 23, '2024-03-03 21:38:07', 'USB token'),
(93, 85, 11, '2024-05-18 05:56:19', 'PIN'),
(94, 4, 28, '2023-11-19 02:44:08', 'USB token'),
(95, 123, 14, '2024-01-31 23:59:04', 'USB token'),
(97, 23, 22, '2024-06-27 00:21:47', 'PIN'),
(98, 112, 19, '2024-01-02 17:11:48', 'USB token'),
(100, 144, 16, '2024-06-06 19:09:18', 'PIN'),
(101, 38, 2, '2023-12-12 13:41:51', 'karta'),
(103, 99, 12, '2024-08-19 04:33:46', 'USB token'),
(104, 129, 5, '2024-08-21 18:18:40', 'PIN'),
(105, 101, 10, '2024-11-07 01:10:21', 'PIN'),
(106, 35, 7, '2023-12-15 16:19:20', 'PIN'),
(107, 85, 10, '2025-02-02 03:47:04', 'USB token'),
(108, 29, 5, '2024-12-21 14:46:52', 'karta'),
(109, 8, 10, '2025-02-14 13:19:23', 'USB token'),
(110, 37, 21, '2024-10-03 20:26:32', 'PIN'),
(111, 8, 17, '2024-06-03 22:56:52', 'karta'),
(112, 101, 24, '2025-02-11 14:06:26', 'USB token'),
(113, 87, 20, '2024-05-05 06:16:34', 'PIN'),
(114, 19, 5, '2024-04-20 02:54:09', 'PIN'),
(115, 139, 18, '2024-02-08 05:31:47', 'karta'),
(116, 21, 7, '2024-02-08 11:06:19', 'karta'),
(117, 40, 19, '2024-10-22 11:48:39', 'USB token'),
(118, 47, 22, '2024-05-22 06:54:47', 'USB token'),
(119, 19, 24, '2023-09-14 23:58:28', 'PIN'),
(120, 130, 18, '2024-06-21 18:45:38', 'karta'),
(121, 87, 3, '2025-01-08 00:39:57', 'USB token'),
(122, 2, 13, '2024-11-18 10:14:42', 'karta'),
(123, 62, 1, '2025-04-09 15:53:24', 'PIN'),
(124, 75, 3, '2023-11-05 16:47:18', 'PIN'),
(125, 141, 28, '2023-11-17 13:55:23', 'karta'),
(126, 60, 19, '2025-04-23 09:45:44', 'PIN'),
(127, 51, 23, '2024-08-19 10:53:15', 'karta'),
(128, 145, 14, '2024-10-24 03:24:18', 'karta'),
(129, 81, 23, '2024-08-21 15:43:46', 'karta'),
(130, 24, 28, '2024-04-01 08:33:48', 'PIN'),
(131, 67, 15, '2024-12-28 15:19:58', 'USB token'),
(132, 25, 6, '2024-12-16 14:13:08', 'USB token'),
(133, 60, 27, '2025-02-02 08:50:44', 'PIN'),
(134, 149, 15, '2024-07-17 20:47:50', 'PIN'),
(135, 128, 19, '2023-11-27 19:44:48', 'USB token'),
(137, 7, 27, '2025-03-27 20:48:26', 'USB token'),
(138, 60, 18, '2024-06-25 19:55:01', 'karta'),
(139, 33, 22, '2025-01-09 17:18:11', 'PIN'),
(140, 108, 10, '2025-04-23 05:55:17', 'PIN'),
(141, 136, 25, '2024-06-21 09:47:25', 'PIN'),
(142, 18, 11, '2024-01-03 17:06:49', 'karta'),
(143, 24, 14, '2024-11-24 14:09:46', 'USB token'),
(144, 107, 6, '2024-06-14 02:46:05', 'karta'),
(145, 6, 16, '2024-07-26 21:01:48', 'karta'),
(146, 64, 18, '2025-01-20 04:22:19', 'USB token'),
(147, 92, 13, '2024-01-13 09:36:13', 'PIN'),
(148, 74, 29, '2024-07-31 05:28:33', 'karta'),
(149, 56, 21, '2025-03-26 14:35:12', 'karta'),
(150, 2, 8, '2025-04-17 12:15:09', 'USB token'),
(151, 36, 28, '2025-03-17 23:29:20', 'USB token'),
(152, 124, 2, '2023-09-23 16:02:24', 'PIN'),
(153, 89, 13, '2023-12-24 01:12:20', 'karta'),
(154, 131, 26, '2024-08-23 06:47:21', 'karta'),
(155, 141, 23, '2024-11-14 03:16:19', 'PIN'),
(156, 7, 2, '2025-04-20 04:26:58', 'USB token'),
(157, 22, 17, '2024-10-29 21:53:16', 'karta'),
(158, 137, 17, '2025-03-21 03:45:17', 'PIN'),
(159, 145, 22, '2024-03-16 09:57:02', 'USB token'),
(160, 26, 18, '2024-10-28 06:36:01', 'USB token'),
(162, 14, 2, '2024-11-21 20:47:57', 'PIN'),
(163, 3, 11, '2024-01-19 22:26:16', 'USB token'),
(164, 20, 9, '2024-08-12 02:16:15', 'USB token'),
(165, 39, 27, '2024-06-15 09:29:15', 'USB token'),
(166, 131, 2, '2024-07-03 12:22:19', 'PIN'),
(167, 43, 2, '2024-05-02 15:43:14', 'karta'),
(168, 122, 29, '2024-05-26 03:11:12', 'USB token'),
(169, 126, 5, '2024-04-30 18:33:07', 'USB token'),
(170, 116, 12, '2023-09-05 08:49:32', 'PIN'),
(171, 143, 3, '2024-08-17 09:20:38', 'karta'),
(172, 142, 26, '2023-12-15 03:49:01', 'karta'),
(174, 8, 5, '2025-03-23 13:45:54', 'PIN'),
(175, 149, 14, '2024-04-06 07:08:51', 'karta'),
(176, 147, 25, '2024-05-18 00:13:36', 'PIN'),
(177, 6, 26, '2024-04-13 22:20:58', 'PIN'),
(178, 133, 29, '2023-11-29 21:56:26', 'USB token'),
(179, 143, 4, '2023-10-10 17:33:17', 'PIN'),
(180, 18, 6, '2024-10-27 07:30:14', 'PIN'),
(181, 36, 12, '2023-09-01 13:56:04', 'USB token'),
(182, 5, 29, '2023-10-05 01:35:40', 'PIN'),
(183, 44, 16, '2025-04-12 07:35:02', 'PIN'),
(184, 88, 21, '2023-12-12 10:44:22', 'karta'),
(185, 42, 6, '2023-10-28 02:38:20', 'PIN'),
(186, 145, 1, '2025-02-01 18:34:46', 'USB token'),
(187, 31, 1, '2023-10-23 08:35:46', 'USB token'),
(188, 6, 24, '2023-09-05 09:30:01', 'karta'),
(189, 78, 14, '2024-03-08 01:32:52', 'USB token'),
(190, 67, 29, '2024-12-27 09:44:35', 'karta'),
(191, 90, 22, '2024-10-09 09:43:54', 'PIN'),
(192, 12, 20, '2024-12-12 20:18:37', 'PIN'),
(193, 83, 28, '2024-08-22 11:53:00', 'karta'),
(194, 95, 23, '2025-04-21 01:17:18', 'USB token'),
(195, 64, 16, '2024-12-02 08:05:20', 'karta'),
(196, 113, 12, '2025-04-08 10:14:53', 'PIN'),
(197, 78, 8, '2025-01-02 20:26:42', 'USB token'),
(198, 12, 16, '2023-12-01 13:08:27', 'karta'),
(199, 149, 26, '2023-12-07 22:40:06', 'USB token'),
(200, 69, 6, '2024-11-05 21:05:06', 'PIN'),
(201, 5, 27, '2023-12-04 20:13:04', 'PIN'),
(202, 27, 21, '2023-09-25 02:26:27', 'karta'),
(203, 54, 26, '2024-05-18 20:49:51', 'USB token'),
(204, 48, 14, '2023-12-30 21:07:06', 'USB token'),
(205, 23, 5, '2025-01-04 13:51:48', 'USB token'),
(206, 54, 9, '2024-06-04 23:57:54', 'karta'),
(207, 70, 3, '2023-12-09 21:53:41', 'USB token'),
(208, 92, 5, '2023-10-18 12:00:28', 'USB token'),
(209, 70, 5, '2025-03-04 06:52:21', 'USB token'),
(210, 1, 18, '2023-09-22 13:10:28', 'karta'),
(211, 42, 14, '2024-01-31 00:14:27', 'USB token'),
(212, 87, 18, '2025-02-05 22:06:48', 'USB token'),
(213, 148, 19, '2023-10-11 18:57:52', 'USB token'),
(214, 10, 7, '2025-01-26 04:12:18', 'USB token'),
(215, 101, 7, '2025-04-06 12:19:59', 'karta'),
(216, 56, 24, '2025-03-08 20:37:53', 'PIN'),
(217, 90, 21, '2024-11-20 13:17:42', 'USB token'),
(218, 101, 11, '2023-09-05 23:22:52', 'karta'),
(219, 72, 3, '2024-12-12 00:47:23', 'PIN'),
(220, 91, 21, '2024-08-23 22:00:25', 'karta'),
(221, 18, 15, '2023-10-28 04:33:38', 'PIN'),
(222, 20, 21, '2024-11-06 10:39:10', 'PIN'),
(223, 3, 20, '2025-01-22 20:51:45', 'PIN'),
(225, 47, 10, '2024-05-23 11:48:15', 'PIN'),
(226, 105, 24, '2024-04-03 19:20:20', 'karta'),
(227, 105, 18, '2024-04-17 06:40:47', 'PIN'),
(228, 108, 2, '2025-02-13 16:37:48', 'karta'),
(229, 64, 25, '2023-12-21 17:46:35', 'karta'),
(230, 138, 28, '2025-02-17 05:27:44', 'karta'),
(231, 74, 21, '2024-11-16 11:07:52', 'karta'),
(232, 50, 27, '2025-04-24 19:08:26', 'karta'),
(233, 64, 16, '2025-03-01 11:38:39', 'PIN'),
(234, 42, 27, '2024-02-24 04:16:33', 'karta'),
(235, 46, 1, '2024-03-30 07:52:35', 'karta'),
(236, 85, 8, '2024-06-16 07:48:00', 'karta'),
(237, 34, 12, '2024-01-15 05:37:08', 'USB token'),
(238, 91, 26, '2024-05-17 10:42:49', 'karta'),
(239, 29, 21, '2023-09-17 19:26:14', 'USB token'),
(240, 88, 20, '2024-12-28 01:49:55', 'PIN'),
(241, 97, 25, '2023-11-14 18:57:52', 'USB token'),
(242, 68, 13, '2024-09-01 09:31:54', 'karta'),
(243, 106, 14, '2024-06-16 04:04:34', 'karta'),
(244, 141, 29, '2024-02-01 05:35:09', 'karta'),
(246, 42, 10, '2024-11-25 03:19:27', 'PIN'),
(247, 38, 10, '2024-08-04 05:56:00', 'USB token'),
(248, 76, 10, '2025-04-16 23:01:32', 'PIN'),
(249, 122, 9, '2023-12-26 13:28:06', 'USB token'),
(250, 43, 23, '2025-03-28 19:53:02', 'USB token'),
(251, 72, 8, '2024-06-11 04:00:48', 'PIN'),
(252, 101, 17, '2023-09-28 21:18:46', 'karta'),
(253, 104, 20, '2025-01-21 14:36:41', 'USB token'),
(254, 68, 22, '2024-10-14 01:40:07', 'USB token'),
(255, 1, 11, '2025-04-19 08:48:59', 'karta'),
(256, 59, 17, '2023-09-06 18:57:42', 'USB token'),
(257, 42, 20, '2024-08-29 04:48:38', 'karta'),
(258, 29, 29, '2023-09-01 05:36:03', 'USB token'),
(259, 28, 19, '2023-09-08 02:21:35', 'PIN'),
(260, 114, 16, '2024-02-28 10:09:12', 'USB token'),
(261, 146, 13, '2023-12-21 22:04:02', 'USB token'),
(262, 73, 10, '2024-01-20 16:27:23', 'USB token'),
(263, 12, 13, '2024-04-14 00:02:16', 'USB token'),
(264, 49, 3, '2024-02-24 00:12:21', 'USB token'),
(265, 17, 20, '2023-12-01 21:22:05', 'PIN'),
(266, 71, 19, '2023-10-13 06:10:45', 'karta'),
(267, 75, 22, '2024-02-01 14:52:22', 'USB token'),
(268, 141, 8, '2025-03-12 18:58:04', 'USB token'),
(269, 74, 26, '2024-01-30 02:07:07', 'karta'),
(270, 15, 3, '2024-07-15 07:11:26', 'USB token'),
(271, 128, 27, '2024-03-21 15:09:34', 'karta'),
(272, 82, 3, '2024-04-20 18:13:03', 'USB token'),
(273, 10, 21, '2025-04-22 18:03:12', 'karta'),
(274, 66, 16, '2023-12-24 19:22:50', 'karta'),
(275, 64, 11, '2023-09-08 09:55:26', 'USB token'),
(276, 54, 22, '2023-09-15 05:23:45', 'USB token'),
(277, 124, 15, '2024-11-11 01:42:52', 'karta'),
(278, 15, 3, '2025-01-15 06:09:02', 'PIN'),
(279, 87, 1, '2024-06-16 03:51:20', 'USB token'),
(280, 16, 8, '2023-09-20 08:03:54', 'USB token'),
(281, 119, 6, '2024-11-18 01:18:47', 'USB token'),
(282, 61, 22, '2025-01-30 09:01:41', 'PIN'),
(283, 128, 4, '2023-10-11 09:49:52', 'USB token'),
(284, 87, 23, '2024-03-05 22:40:31', 'PIN'),
(285, 112, 12, '2025-02-17 03:20:52', 'karta'),
(286, 45, 27, '2024-07-19 11:36:41', 'PIN'),
(287, 47, 4, '2025-03-17 13:32:37', 'karta'),
(288, 141, 24, '2024-02-24 05:50:51', 'USB token'),
(289, 55, 5, '2024-08-07 16:23:28', 'PIN'),
(290, 81, 16, '2024-08-11 23:31:34', 'karta'),
(291, 137, 8, '2024-08-31 03:13:36', 'USB token'),
(292, 111, 1, '2024-06-19 03:37:12', 'PIN'),
(293, 20, 18, '2024-10-30 03:57:12', 'karta'),
(294, 22, 9, '2025-04-01 05:33:16', 'karta'),
(295, 107, 21, '2024-09-05 14:57:58', 'karta'),
(296, 35, 23, '2024-01-06 22:49:52', 'PIN'),
(297, 36, 1, '2023-09-14 03:41:51', 'USB token'),
(298, 16, 1, '2023-09-07 09:30:35', 'PIN'),
(299, 70, 19, '2024-05-12 18:24:59', 'USB token'),
(300, 118, 15, '2024-10-13 20:13:58', 'USB token'),
(301, 97, 11, '2024-03-20 08:05:08', 'USB token'),
(302, 73, 26, '2024-08-08 03:29:13', 'karta'),
(303, 64, 2, '2024-01-09 15:03:49', 'PIN'),
(304, 126, 29, '2024-02-12 05:07:34', 'USB token'),
(305, 39, 15, '2023-09-17 13:05:26', 'PIN'),
(308, 38, 25, '2024-06-26 18:17:53', 'PIN'),
(309, 74, 18, '2025-03-17 18:35:52', 'PIN'),
(310, 107, 4, '2024-11-26 22:07:06', 'PIN'),
(311, 33, 6, '2025-03-05 10:15:34', 'karta'),
(312, 140, 14, '2023-10-26 03:01:14', 'USB token'),
(313, 31, 29, '2024-03-21 13:07:22', 'USB token'),
(314, 95, 24, '2024-01-09 20:03:40', 'PIN'),
(315, 102, 25, '2024-11-10 12:36:33', 'PIN'),
(316, 136, 8, '2025-01-19 04:25:39', 'USB token'),
(317, 47, 3, '2024-07-24 11:32:23', 'USB token'),
(318, 22, 28, '2024-07-19 02:32:25', 'karta'),
(319, 149, 26, '2025-04-21 00:15:03', 'karta'),
(320, 73, 13, '2024-10-22 05:46:38', 'karta'),
(321, 102, 25, '2024-05-27 21:15:46', 'USB token'),
(322, 18, 4, '2023-11-03 23:11:24', 'USB token'),
(323, 83, 16, '2024-07-24 11:57:00', 'PIN'),
(324, 88, 23, '2025-01-06 17:13:05', 'USB token'),
(325, 88, 14, '2023-09-17 23:36:52', 'USB token'),
(326, 3, 9, '2023-11-04 11:26:36', 'karta'),
(327, 129, 11, '2023-12-11 05:26:35', 'USB token'),
(328, 5, 10, '2023-11-10 10:47:17', 'PIN'),
(329, 44, 27, '2024-08-05 10:29:26', 'USB token'),
(330, 135, 22, '2023-09-24 13:04:31', 'USB token'),
(331, 35, 28, '2024-10-31 23:56:12', 'karta'),
(332, 120, 15, '2024-06-12 06:41:13', 'PIN'),
(333, 94, 9, '2024-08-24 09:09:42', 'USB token'),
(334, 96, 20, '2024-02-29 17:30:10', 'karta'),
(335, 120, 17, '2025-04-15 02:41:48', 'USB token'),
(336, 101, 20, '2024-12-20 20:03:30', 'PIN'),
(337, 114, 28, '2025-01-02 17:02:35', 'PIN'),
(338, 43, 9, '2024-05-20 10:44:08', 'PIN'),
(339, 26, 13, '2024-04-19 07:23:46', 'PIN'),
(340, 61, 13, '2024-04-03 18:00:39', 'USB token'),
(341, 118, 26, '2024-10-22 05:35:58', 'USB token'),
(342, 29, 10, '2025-03-04 13:48:21', 'USB token'),
(343, 33, 27, '2023-12-01 19:38:28', 'PIN'),
(344, 149, 6, '2023-12-12 19:41:30', 'USB token'),
(345, 5, 26, '2024-07-14 05:48:40', 'karta'),
(347, 82, 1, '2023-09-23 06:01:33', 'USB token'),
(348, 134, 20, '2024-09-09 10:56:45', 'PIN');

-- --------------------------------------------------------

--
-- Štruktúra tabuľky pre tabuľku `zamestnanec`
--

CREATE TABLE `zamestnanec` (
  `ID_zamestnanca` int(11) NOT NULL,
  `meno` varchar(100) DEFAULT NULL,
  `priezvisko` varchar(100) DEFAULT NULL,
  `oddelenie` varchar(50) DEFAULT NULL,
  `ID_kluca` int(50) DEFAULT NULL,
  `email` varchar(100) DEFAULT NULL
) ENGINE=InnoDB DEFAULT CHARSET=utf8mb4 COLLATE=utf8mb4_general_ci;

--
-- Sťahujem dáta pre tabuľku `zamestnanec`
--

INSERT INTO `zamestnanec` (`ID_zamestnanca`, `meno`, `priezvisko`, `oddelenie`, `ID_kluca`, `email`) VALUES
(1, 'Ruddy', 'Guerry', 'Klientské oddelenie', 170, 'ruddy.guerry@firma.sk'),
(2, 'Ashlen', 'Ilett', 'Manažérske oddelenie', 76, 'ashlen.ilett@firma.sk'),
(3, 'Spike', 'Umney', 'IT podpora', 50, 'spike.umney@firma.sk'),
(4, 'Glyn', 'Waind', 'Kvalitné oddelenie', 202, 'glyn.waind@firma.sk'),
(5, 'Fifine', 'Nickolls', 'Bezpečnostné oddelenie', 64, 'fifine.nickolls@firma.sk'),
(6, 'Susannah', 'Bullerwell', 'Analytické oddelenie', 66, 'susannah.bullerwell@firma.sk'),
(7, 'Lindi', 'Piggins', 'Projektové oddelenie', 14, 'lindi.piggins@firma.sk'),
(8, 'Lea', 'Tinsey', 'IT podpora', 72, 'lea.tinsey@firma.sk'),
(9, 'Brocky', 'Canon', 'Bezpečnostné oddelenie', 155, 'brocky.canon@firma.sk'),
(10, 'Pauly', 'Candish', 'Manažérske oddelenie', 141, 'pauly.candish@firma.sk'),
(11, 'Gizela', 'Poxson', 'Kvalitné oddelenie', 16, 'gizela.poxson@firma.sk'),
(12, 'Remy', 'Alesi', 'IT podpora', 133, 'remy.alesi@firma.sk'),
(13, 'Pepi', 'Larvin', 'Projektové oddelenie', 17, 'pepi.larvin@firma.sk'),
(14, 'Jessalin', 'Kisting', 'Inovačné oddelenie', 68, 'jessalin.kisting@firma.sk'),
(15, 'Devin', 'Grumley', 'IT podpora', 185, 'devin.grumley@firma.sk'),
(16, 'Burt', 'Di Carlo', 'Klientské oddelenie', 120, 'burt.di carlo@firma.sk'),
(17, 'Worth', 'Abarough', 'Technické oddelenie', 98, 'worth.abarough@firma.sk'),
(18, 'Adore', 'Breheny', 'Klientské oddelenie', 57, 'adore.breheny@firma.sk'),
(19, 'Leelah', 'Dallon', 'Vývojové oddelenie', 127, 'leelah.dallon@firma.sk'),
(20, 'Durante', 'Nutbean', 'Bezpečnostné oddelenie', 69, 'durante.nutbean@firma.sk'),
(21, 'Emmaline', 'Aplin', 'Manažérske oddelenie', 71, 'emmaline.aplin@firma.sk'),
(22, 'Manolo', 'Kilalea', 'Bezpečnostné oddelenie', 90, 'manolo.kilalea@firma.sk'),
(23, 'Husain', 'Dalliwater', 'Kvalitné oddelenie', 136, 'husain.dalliwater@firma.sk'),
(24, 'Gina', 'Diboll', 'Technické oddelenie', 207, 'gina.diboll@firma.sk'),
(25, 'Abram', 'Canet', 'Inovačné oddelenie', 134, 'abram.canet@firma.sk'),
(26, 'Dody', 'Kusick', 'Analytické oddelenie', 89, 'dody.kusick@firma.sk'),
(27, 'Ezmeralda', 'Bassam', 'IT podpora', 180, 'ezmeralda.bassam@firma.sk'),
(28, 'Tamiko', 'Bolger', 'Analytické oddelenie', 37, 'tamiko.bolger@firma.sk'),
(29, 'Monro', 'Corington', 'Klientské oddelenie', 43, 'monro.corington@firma.sk');

-- --------------------------------------------------------

--
-- Štruktúra tabuľky pre tabuľku `zariadenie`
--

CREATE TABLE `zariadenie` (
  `ID_zariadenia` int(11) NOT NULL,
  `typ_zariadenia` varchar(50) DEFAULT NULL,
  `ip_adresa` varchar(15) DEFAULT NULL,
  `operacny_system` varchar(50) DEFAULT NULL,
  `datum_poslednej_udrzby` date DEFAULT NULL
) ENGINE=InnoDB DEFAULT CHARSET=utf8mb4 COLLATE=utf8mb4_general_ci;

--
-- Sťahujem dáta pre tabuľku `zariadenie`
--

INSERT INTO `zariadenie` (`ID_zariadenia`, `typ_zariadenia`, `ip_adresa`, `operacny_system`, `datum_poslednej_udrzby`) VALUES
(1, 'mobil', '106.104.238.207', 'Linux', '2023-10-11'),
(2, 'laptop', '112.97.62.159', 'Android', '2023-11-21'),
(3, 'laptop', '187.219.246.12', 'Windows', '2024-01-11'),
(4, 'počítač', '127.27.58.155', 'iOS', '2024-08-24'),
(5, 'mobil', '117.237.64.189', 'Linux', '2024-12-19'),
(6, 'tlačiareň', '69.175.7.111', 'Android', '2025-04-23'),
(7, 'laptop', '238.18.96.16', 'Windows', '2023-12-01'),
(8, 'laptop', '48.97.57.179', 'Windows', '2024-10-22'),
(9, 'tlačiareň', '11.254.149.149', 'Linux', '2025-03-08'),
(10, 'laptop', '21.208.198.29', 'Android', '2024-12-10'),
(11, 'mobil', '194.9.237.88', 'Linux', '2024-07-23'),
(12, 'tlačiareň', '93.52.134.236', 'Windows', '2024-03-23'),
(13, 'laptop', '79.16.122.177', 'Android', '2024-01-06'),
(14, 'počítač', '254.238.253.132', 'Android', '2023-09-14'),
(15, 'laptop', '170.42.155.104', 'Windows', '2023-10-15'),
(16, 'laptop', '92.254.230.71', 'Windows', '2024-02-14'),
(17, 'počítač', '112.179.115.167', 'iOS', '2024-05-26'),
(18, 'počítač', '221.121.113.225', 'iOS', '2024-10-04'),
(19, 'mobil', '83.211.42.155', 'iOS', '2023-10-17'),
(20, 'tlačiareň', '232.93.89.105', 'Windows', '2024-08-04'),
(21, 'laptop', '197.13.198.194', 'Windows', '2023-12-25'),
(22, 'mobil', '14.28.68.131', 'Android', '2024-09-03'),
(23, 'mobil', '137.148.122.105', 'iOS', '2024-10-06'),
(24, 'laptop', '65.130.150.39', 'Linux', '2023-12-22'),
(25, 'mobil', '27.37.242.80', 'Windows', '2024-10-23'),
(26, 'počítač', '147.126.107.219', 'Linux', '2024-02-28'),
(27, 'laptop', '172.75.206.107', 'Linux', '2025-02-03'),
(28, 'počítač', '29.70.61.186', 'Android', '2024-09-07'),
(29, 'tlačiareň', '194.164.87.31', 'Android', '2025-01-24'),
(30, 'mobil', '140.187.23.21', 'iOS', '2025-01-19'),
(31, 'mobil', '73.30.111.255', 'Windows', '2024-07-11'),
(32, 'laptop', '26.135.112.151', 'iOS', '2023-10-21'),
(33, 'laptop', '86.244.247.74', 'iOS', '2024-01-04'),
(34, 'mobil', '208.22.91.55', 'iOS', '2024-02-28'),
(35, 'tlačiareň', '188.175.14.190', 'Windows', '2023-12-15'),
(36, 'počítač', '141.106.141.166', 'Windows', '2025-03-22'),
(37, 'mobil', '42.72.71.84', 'iOS', '2023-10-25'),
(38, 'laptop', '31.244.169.165', 'Linux', '2025-01-13'),
(39, 'mobil', '22.158.61.224', 'Linux', '2024-07-07'),
(40, 'mobil', '239.209.76.34', 'Windows', '2024-08-16'),
(41, 'mobil', '250.41.142.227', 'iOS', '2024-07-24'),
(42, 'počítač', '4.236.218.154', 'Android', '2025-02-07'),
(43, 'tlačiareň', '202.79.192.26', 'iOS', '2023-10-13'),
(44, 'mobil', '204.114.191.189', 'Android', '2024-07-27'),
(45, 'počítač', '12.164.2.14', 'Android', '2025-02-28'),
(46, 'mobil', '0.71.166.157', 'Android', '2024-12-31'),
(47, 'tlačiareň', '61.79.134.227', 'Android', '2025-02-07'),
(48, 'mobil', '61.86.202.156', 'Linux', '2024-06-13'),
(49, 'mobil', '174.100.211.5', 'iOS', '2025-03-09'),
(50, 'tlačiareň', '79.7.203.211', 'Windows', '2024-06-04'),
(51, 'počítač', '21.215.75.69', 'Windows', '2025-01-28'),
(52, 'tlačiareň', '138.192.22.229', 'Android', '2025-02-18'),
(53, 'mobil', '234.133.185.11', 'Linux', '2024-11-12'),
(54, 'tlačiareň', '63.150.163.233', 'Linux', '2025-01-10'),
(55, 'počítač', '170.230.134.71', 'Linux', '2023-09-18'),
(56, 'počítač', '231.218.114.40', 'iOS', '2024-05-17'),
(57, 'mobil', '241.16.70.35', 'Linux', '2024-03-01'),
(58, 'mobil', '82.34.74.169', 'Windows', '2025-03-05'),
(59, 'tlačiareň', '189.124.68.202', 'iOS', '2024-07-17'),
(60, 'mobil', '110.173.75.103', 'iOS', '2024-08-24'),
(61, 'tlačiareň', '153.38.86.215', 'Linux', '2025-03-03'),
(62, 'tlačiareň', '58.104.157.183', 'Windows', '2024-06-21'),
(63, 'počítač', '200.186.157.99', 'Linux', '2023-09-29'),
(64, 'mobil', '198.110.153.35', 'iOS', '2024-06-16'),
(65, 'počítač', '83.81.205.74', 'iOS', '2023-12-04'),
(66, 'počítač', '0.234.168.115', 'iOS', '2023-11-08'),
(67, 'mobil', '34.11.90.134', 'Windows', '2024-01-17'),
(68, 'tlačiareň', '18.254.48.32', 'Android', '2024-11-26'),
(69, 'laptop', '133.21.18.220', 'Android', '2024-05-12'),
(70, 'tlačiareň', '160.162.245.23', 'Windows', '2025-02-12'),
(71, 'počítač', '145.115.109.182', 'Linux', '2024-10-25'),
(72, 'laptop', '148.182.237.134', 'Windows', '2024-03-02'),
(73, 'počítač', '240.47.215.10', 'iOS', '2024-08-12'),
(74, 'mobil', '72.61.50.105', 'Windows', '2024-02-13'),
(75, 'počítač', '69.39.187.48', 'Windows', '2024-12-06'),
(76, 'počítač', '136.52.138.245', 'Android', '2025-04-21'),
(77, 'laptop', '194.53.142.117', 'Linux', '2024-09-15'),
(78, 'mobil', '46.109.174.135', 'Linux', '2024-11-01'),
(79, 'laptop', '246.131.118.165', 'iOS', '2025-01-28'),
(80, 'laptop', '211.209.223.53', 'Linux', '2024-06-06'),
(81, 'tlačiareň', '46.93.155.105', 'Linux', '2025-03-10'),
(82, 'laptop', '120.229.117.119', 'Android', '2023-10-04'),
(83, 'tlačiareň', '75.239.3.252', 'Windows', '2025-03-04'),
(84, 'laptop', '227.13.149.44', 'Linux', '2023-11-18'),
(85, 'laptop', '36.161.250.141', 'Android', '2024-04-24'),
(86, 'laptop', '161.185.32.85', 'iOS', '2024-06-26'),
(87, 'laptop', '102.19.27.236', 'Android', '2024-09-29'),
(88, 'mobil', '93.129.186.15', 'Android', '2025-01-18'),
(89, 'tlačiareň', '132.98.81.3', 'Windows', '2023-09-20'),
(90, 'počítač', '188.48.236.45', 'Windows', '2025-03-07'),
(91, 'laptop', '31.253.52.191', 'Linux', '2024-07-01'),
(92, 'počítač', '29.64.134.248', 'Linux', '2024-11-18'),
(93, 'mobil', '61.158.95.71', 'Android', '2024-02-08'),
(94, 'počítač', '119.25.178.39', 'Linux', '2024-06-24'),
(95, 'počítač', '111.77.198.105', 'Linux', '2025-02-23'),
(96, 'počítač', '84.181.249.201', 'Linux', '2025-01-20'),
(97, 'mobil', '187.51.6.193', 'Android', '2025-01-17'),
(98, 'počítač', '196.25.106.29', 'Android', '2025-04-08'),
(99, 'laptop', '222.169.229.238', 'Linux', '2025-03-16'),
(100, 'tlačiareň', '99.33.97.58', 'Android', '2024-02-05'),
(101, 'počítač', '251.37.191.75', 'Linux', '2023-12-23'),
(102, 'tlačiareň', '60.34.32.187', 'Android', '2025-03-08'),
(103, 'laptop', '37.135.121.218', 'Android', '2023-09-04'),
(104, 'počítač', '151.156.5.31', 'iOS', '2023-12-08'),
(105, 'počítač', '172.174.22.47', 'Android', '2025-03-07'),
(106, 'laptop', '131.75.125.28', 'iOS', '2024-12-29'),
(107, 'mobil', '50.25.21.145', 'Android', '2024-12-16'),
(108, 'mobil', '7.35.110.161', 'Linux', '2023-11-07'),
(109, 'laptop', '133.60.105.21', 'Windows', '2023-09-11'),
(110, 'počítač', '71.232.46.5', 'Windows', '2024-12-26'),
(111, 'mobil', '107.243.39.135', 'Windows', '2024-09-06'),
(112, 'tlačiareň', '64.115.1.11', 'Android', '2024-05-08'),
(113, 'laptop', '159.157.11.197', 'iOS', '2023-09-04'),
(114, 'tlačiareň', '112.175.172.225', 'Windows', '2024-12-05'),
(115, 'laptop', '236.9.55.20', 'Linux', '2023-10-14'),
(116, 'mobil', '221.103.80.155', 'Windows', '2024-07-25'),
(117, 'laptop', '17.201.20.199', 'iOS', '2024-05-07'),
(118, 'počítač', '22.74.193.132', 'Android', '2024-02-16'),
(119, 'laptop', '203.59.234.155', 'Linux', '2023-12-18'),
(120, 'laptop', '103.36.77.5', 'Linux', '2023-12-14'),
(121, 'mobil', '37.247.211.234', 'Android', '2024-11-02'),
(122, 'laptop', '124.104.21.39', 'iOS', '2023-10-27'),
(123, 'mobil', '56.48.55.60', 'iOS', '2023-10-30'),
(124, 'tlačiareň', '40.85.208.54', 'iOS', '2024-04-28'),
(125, 'tlačiareň', '143.200.236.75', 'iOS', '2025-04-24'),
(126, 'tlačiareň', '124.43.10.108', 'iOS', '2024-11-04'),
(127, 'tlačiareň', '246.121.43.138', 'Android', '2024-07-07'),
(128, 'laptop', '223.179.157.236', 'Windows', '2024-08-11'),
(129, 'počítač', '192.121.83.27', 'Android', '2024-06-18'),
(130, 'mobil', '216.76.206.193', 'Linux', '2024-06-27'),
(131, 'počítač', '218.161.144.207', 'Linux', '2023-10-24'),
(132, 'laptop', '62.68.75.66', 'Android', '2025-02-09'),
(133, 'tlačiareň', '253.241.8.179', 'iOS', '2025-02-22'),
(134, 'počítač', '254.248.27.18', 'Android', '2025-02-16'),
(135, 'mobil', '128.155.51.113', 'iOS', '2024-03-02'),
(136, 'laptop', '29.139.73.148', 'Android', '2024-08-11'),
(137, 'počítač', '29.157.98.113', 'Android', '2024-09-22'),
(138, 'laptop', '173.179.29.235', 'Android', '2025-04-05'),
(139, 'laptop', '121.141.106.12', 'Windows', '2024-12-01'),
(140, 'mobil', '24.166.182.72', 'Android', '2024-12-29'),
(141, 'tlačiareň', '34.140.212.165', 'Linux', '2025-04-06'),
(142, 'laptop', '66.82.122.105', 'Windows', '2025-04-18'),
(143, 'tlačiareň', '193.84.85.0', 'Linux', '2025-02-06'),
(144, 'mobil', '100.75.180.121', 'Android', '2023-10-17'),
(145, 'mobil', '118.0.7.208', 'Linux', '2023-09-03'),
(146, 'tlačiareň', '60.202.36.145', 'Android', '2024-10-11'),
(147, 'tlačiareň', '198.55.172.184', 'Linux', '2023-11-22'),
(148, 'tlačiareň', '195.128.111.8', 'iOS', '2024-11-26'),
(149, 'laptop', '59.31.162.68', 'Android', '2024-02-21');

--
-- Kľúče pre exportované tabuľky
--

--
-- Indexy pre tabuľku `bezpecnostny_log`
--
ALTER TABLE `bezpecnostny_log`
  ADD PRIMARY KEY (`ID_logu`),
  ADD KEY `ID_zariadenia` (`ID_zariadenia`);

--
-- Indexy pre tabuľku `porucha`
--
ALTER TABLE `porucha`
  ADD PRIMARY KEY (`ID_poruchy`),
  ADD KEY `ID_zariadenia` (`ID_zariadenia`),
  ADD KEY `fk_technik` (`ID_zamestnanca`);

--
-- Indexy pre tabuľku `pouzivatelia`
--
ALTER TABLE `pouzivatelia`
  ADD PRIMARY KEY (`ID`),
  ADD UNIQUE KEY `meno` (`meno`);

--
-- Indexy pre tabuľku `prihlasenie`
--
ALTER TABLE `prihlasenie`
  ADD PRIMARY KEY (`ID_prihlasenia`),
  ADD KEY `ID_zariadenia` (`ID_zariadenia`),
  ADD KEY `ID_zamestnanca` (`ID_zamestnanca`);

--
-- Indexy pre tabuľku `zamestnanec`
--
ALTER TABLE `zamestnanec`
  ADD PRIMARY KEY (`ID_zamestnanca`);

--
-- Indexy pre tabuľku `zariadenie`
--
ALTER TABLE `zariadenie`
  ADD PRIMARY KEY (`ID_zariadenia`);

--
-- AUTO_INCREMENT pre exportované tabuľky
--

--
-- AUTO_INCREMENT pre tabuľku `bezpecnostny_log`
--
ALTER TABLE `bezpecnostny_log`
  MODIFY `ID_logu` int(11) NOT NULL AUTO_INCREMENT, AUTO_INCREMENT=136;

--
-- AUTO_INCREMENT pre tabuľku `porucha`
--
ALTER TABLE `porucha`
  MODIFY `ID_poruchy` int(11) NOT NULL AUTO_INCREMENT, AUTO_INCREMENT=67;

--
-- AUTO_INCREMENT pre tabuľku `pouzivatelia`
--
ALTER TABLE `pouzivatelia`
  MODIFY `ID` int(11) NOT NULL AUTO_INCREMENT, AUTO_INCREMENT=14;

--
-- AUTO_INCREMENT pre tabuľku `prihlasenie`
--
ALTER TABLE `prihlasenie`
  MODIFY `ID_prihlasenia` int(11) NOT NULL AUTO_INCREMENT, AUTO_INCREMENT=351;

--
-- AUTO_INCREMENT pre tabuľku `zamestnanec`
--
ALTER TABLE `zamestnanec`
  MODIFY `ID_zamestnanca` int(11) NOT NULL AUTO_INCREMENT, AUTO_INCREMENT=31;

--
-- AUTO_INCREMENT pre tabuľku `zariadenie`
--
ALTER TABLE `zariadenie`
  MODIFY `ID_zariadenia` int(11) NOT NULL AUTO_INCREMENT, AUTO_INCREMENT=152;

--
-- Obmedzenie pre exportované tabuľky
--

--
-- Obmedzenie pre tabuľku `bezpecnostny_log`
--
ALTER TABLE `bezpecnostny_log`
  ADD CONSTRAINT `bezpecnostny_log_ibfk_1` FOREIGN KEY (`ID_zariadenia`) REFERENCES `zariadenie` (`ID_zariadenia`);

--
-- Obmedzenie pre tabuľku `porucha`
--
ALTER TABLE `porucha`
  ADD CONSTRAINT `fk_technik` FOREIGN KEY (`ID_zamestnanca`) REFERENCES `zamestnanec` (`ID_zamestnanca`),
  ADD CONSTRAINT `porucha_ibfk_1` FOREIGN KEY (`ID_zariadenia`) REFERENCES `zariadenie` (`ID_zariadenia`);

--
-- Obmedzenie pre tabuľku `prihlasenie`
--
ALTER TABLE `prihlasenie`
  ADD CONSTRAINT `prihlasenie_ibfk_1` FOREIGN KEY (`ID_zariadenia`) REFERENCES `zariadenie` (`ID_zariadenia`),
  ADD CONSTRAINT `prihlasenie_ibfk_2` FOREIGN KEY (`ID_zamestnanca`) REFERENCES `zamestnanec` (`ID_zamestnanca`);
COMMIT;

/*!40101 SET CHARACTER_SET_CLIENT=@OLD_CHARACTER_SET_CLIENT */;
/*!40101 SET CHARACTER_SET_RESULTS=@OLD_CHARACTER_SET_RESULTS */;
/*!40101 SET COLLATION_CONNECTION=@OLD_COLLATION_CONNECTION */;
